{
  "trained_at": "2026-03-11T09:14:02.814187",
  "feature_cols": [
    "mean_brightness",
    "std_brightness",
    "sharpness",
    "contrast",
    "edge_density",
    "noise_level",
    "entropy",
    "aspect_ratio"
  ],
  "n_features": 8,
  "n_samples": 44,
  "models": {
    "rf_regressor": {
      "r2_score": 0.743549046321526,
      "mae": 6.122222222222222
    },
    "lr_regressor": {
      "r2_score": 0.562656920870434,
      "mae": 9.290811850085863
    },
    "rf_classifier": {
      "accuracy": 0.7777777777777778
    },
    "lr_classifier": {
      "accuracy": 0.5555555555555556
    }
  }
}