epoch,time,train/box_loss,train/cls_loss,train/dfl_loss,metrics/precision(B),metrics/recall(B),metrics/mAP50(B),metrics/mAP50-95(B),val/box_loss,val/cls_loss,val/dfl_loss,lr/pg0,lr/pg1,lr/pg2
1,96.3465,3.75305,4.53894,2.87827,0.00031,0.03297,0.00099,0.00021,3.39708,4.39861,2.96744,0.0005,0.0005,0.0955
2,183.811,3.21097,4.14891,2.3189,0.00086,0.12637,0.00271,0.00044,3.39131,4.29121,2.78876,0.0008822,0.0008822,0.0898822
3,120.861,3.05601,4.11572,2.38627,0,0,0,0,0.96624,3.5987e+08,1601.52,0.0010268,0.0010268,0.0840268
4,238.609,2.92804,3.90315,2.42875,0,0,0,0,4.06944,3.71437e+06,790.262,0.0009338,0.0009338,0.0779338
5,354.792,2.8075,3.76297,2.37877,0,0,0,0,5.98036,22963.5,73.2651,0.0006032,0.0006032,0.0716032
